Bug ID,Summary,Issue Type,Application,Module,Description,Platform,Version,Environment,Steps to Reproduce,Expected Result,Actual Result,Severity,Priority,Labels,Screenshot,Reverification Note
1,'Today' quick date-filter sends an empty date range,Bug,Trackofy,Dashboard,Selecting the Today quick filter on a dashboard card issues the underlying API request with empty from_date/to_date parameters instead of today's date.,Web,V6.2,Staging,1. Log in and open Dashboard (/home). 2. Open any KPI/card date filter. 3. Select the 'Today' quick filter. 4. Inspect the API request payload.,The API request should carry today's actual date as from_date/to_date and the card should show only today's data.,The request is sent with empty from_date/to_date parameters; the card shows unfiltered (all-time) data instead of today's.,Major,Medium,"dashboard,date-filter,api,functional",Bug_Report_Screenshots/bug_01_dashboard_today_filter.png,Reverified 2026-09-07 (live 3x pass): REPRODUCED 3/3 -- identical POST body with empty from_date/to_date across 3 independent fresh sessions.
2,No validation on Configuration Expression (TC-120),Bug,Trackofy,Unit - Custom Sensors,Entering a malformed Configuration Expression does not disable Save Config and shows no inline validation error.,Web,V6.2,Staging,1. Open a Unit's Settings > Custom Sensors. 2. Add/Edit a sensor. 3. Enter a malformed Configuration Expression (missing operand/garbled syntax). 4. Observe Save Config button and any inline error.,Save Config should be disabled and a validation error shown for an invalid expression.,Save Config remains enabled and the invalid expression is accepted/submitted with no warning.,Major,Medium,"unit,custom-sensors,validation,input-validation",Bug_Report_Screenshots/bug_02_03_04_unit_list.png,"Reverified 2026-09-07 (live 3x pass): REPRODUCED 3/3 -- Save Config stayed enabled with no inline error across 3 different malformed expressions, each in a fresh session."
3,No maxlength or validation on Sensor Configuration Name (TC-106),Bug,Trackofy,Unit - Custom Sensors,The Sensor Configuration Name field has no maxlength attribute and accepts an unbounded string (tested with 300 characters) with no validation error.,Web,V6.2,Staging,1. Open a Unit's Settings > Custom Sensors. 2. Add a sensor. 3. Enter a 300+ character Sensor Configuration Name. 4. Save.,The field should enforce a reasonable maxlength with a validation error for excessive length.,"An unbounded string is accepted with no validation error; the UI table later truncates long names with '...', producing confusing rows.",Minor,Medium,"unit,custom-sensors,validation,input-validation",Bug_Report_Screenshots/bug_02_05_unit_page.png,"Reverified 2026-09-07 (live 3x pass): REPRODUCED 3/3 -- no maxlength attribute, full 300-char value accepted with no validation error, 3 fresh sessions."
4,Duplicate sensor name: raw SQL error leaks through the API (TC-104),Bug,Trackofy,Unit - Custom Sensors,"Saving a sensor with a name that already exists returns an HTTP 500 with a raw, unhandled database error in the response body.",Web,V6.2,Staging,1. Open a Unit's Settings > Custom Sensors. 2. Create a sensor config with a name that already exists for that unit. 3. Save. 4. Inspect the API response.,A clean 400/409 validation response with a user-friendly duplicate-name message should be returned.,HTTP 500 from POST .../api/user/config with raw SQLSTATE 23505 unique-constraint error text (table/column names) in the response body.,Major,High,"unit,custom-sensors,sql-error,information-disclosure,api",Bug_Report_Screenshots/bug_02_03_04_unit_list.png,Reverified 2026-09-07 (live 3x pass): REPRODUCED 3/3 -- byte-identical raw SQL 500 body on duplicate sensor name across 3 fresh sessions.
5,Intermittent 500 from unit_general/get on a plain settings reload,Bug,Trackofy,Unit,"POST /api/unit_general/get intermittently returns 500 during normal Unit Settings reload/open flows, more frequently under concurrent access to the same unit.",Web,V6.2,Staging,"1. Open Unit Settings for a unit. 2. Reload/reopen the General tab repeatedly, optionally from multiple sessions concurrently. 3. Monitor network responses.",The General tab should reliably load live data with no server errors.,Intermittent HTTP 500 {'message':'Server Error'} from unit_general/get (and related unit-get-profile/unit-get-service endpoints); UI does not surface the failure.,Major,Medium,"unit,backend,concurrency,intermittent,server-error",Bug_Report_Screenshots/bug_02_05_unit_page.png,"Reverified 2026-09-07 (live 3x pass): NOT REPRODUCED this pass (0/3) -- 3 fresh sessions x 5 sequential Unit Settings reloads (15 cycles total) all returned HTTP 200. Consistent with the bug's own documented intermittent/concurrency-dependent nature (a plain sequential-reload flow doesn't recreate the concurrent-access condition originally implicated) -- not reproducing under this test shape does not invalidate the original finding; kept as documented, not withdrawn."
6,Playback From/To Date: entered value is silently transposed (day/month swapped),Bug,Trackofy,Tracking - Playback,"From/To Date fields display DD/MM/YYYY but any entered value is parsed as MM/DD/YYYY, silently swapping day and month for day<=12. Also confirmed in Reports' Start/End Date fields.",Web,V6.2,Staging,"1. Open Tracking > Playback (or Reports standard report). 2. Enter a date with day <=12, e.g. 03/09/2026 intending 3 September. 3. Observe the redisplayed value.","The entered date should be interpreted and redisplayed as DD/MM/YYYY, i.e. 3 September stays 03/09/2026.","The value is silently reinterpreted as MM/DD (9 March) and redisplayed as 09/03/2026, with no warning.",Major,High,"tracking,playback,reports,date-parsing,data-integrity",Bug_Report_Screenshots/bug_06_07_tracking_page.png,Reverified 2026-09-07 (live 3x pass): REPRODUCED 3/3 on both Tracking Playback's From Date and Reports' Start Date fields.
7,'Playback View' preset doesn't reliably return to the Playback tab,Bug,Trackofy,Tracking - Playback,"After playback data has loaded and the panel is collapsed then reopened via 'Playback View', the panel shows the Live Tracking tab instead of Playback, despite playback controls still being visible on the map.",Web,V6.2,Staging,1. Load playback data for a unit. 2. Collapse the bottom panel (Map Focus). 3. Reopen it via the 'Playback View' preset button. 4. Observe which tab is shown.,"The panel should reopen on the Playback tab, consistent with the button's own label.","The panel reopens on the Live Tracking tab instead, while playback player controls remain visible above it.",Minor,Medium,"tracking,playback,state,ui,functional",Bug_Report_Screenshots/bug_06_07_tracking_page.png,Reverified 2026-09-07 (live 3x pass): REPRODUCED 3/3.
8,Names are not unique-constrained across Settings entities,Bug,Trackofy,Settings - Location Control / Vehicle Group,"Creating a second Location Control or Vehicle Group record with a name identical to an existing one succeeds with no validation error, confirmed on both entities.",Web,V6.2,Staging,1. Open Settings > Location Control (or Vehicle Group). 2. Create a record using a name that already exists. 3. Save.,The system should reject or warn about the duplicate name.,The duplicate record is created successfully with no warning; two rows share the same name with nothing to distinguish them.,Major,Medium,"settings,location-control,vehicle-group,validation,data-integrity",Bug_Report_Screenshots/bug_08_09_location_control.png,Reverified 2026-09-07 (live 3x pass): REPRODUCED 3/3 on both Location Control and Vehicle Group.
9,Assign Unit dialog: 'Assign Units' button never enables (feature unusable),Bug,Trackofy,Settings - Location Control,"In the 'Assign units to location' dialog, selecting vehicles registers at the option level but the dialog's own selected-count badge stays at '0 selected', keeping Assign Units permanently disabled.",Web,V6.2,Staging,1. Open Settings > Location Control. 2. Open 'Assign units to location' for any location. 3. Select one or more vehicles from the multi-select. 4. Observe the selected-count badge and the Assign Units button.,The counter should reflect the real selection and Assign Units should enable once at least one vehicle is selected.,The counter stays at '0 selected' regardless of selection and Assign Units remains permanently disabled -- the feature cannot be used via the UI.,Major,High,"settings,location-control,assign-unit,functional,blocker",Bug_Report_Screenshots/bug_08_09_location_control.png,Reverified 2026-09-07 (live 3x pass): REPRODUCED 3/3.
10,POI Alert creation fails server-side despite a fully valid form,Bug,Trackofy,Settings - Alerts,"Creating a POI Alert with a valid unit, POI, and notification channel selected (Angular form reports fully valid, Create Alert enabled) fails server-side with 'Missing required fields'.",Web,V6.2,Staging,"1. Open Settings > Alert > POI Alert. 2. Select a unit, a POI, and a notification channel. 3. Click Create Alert.",The alert should be created successfully given a fully valid form.,"An error toast 'Missing required fields' appears and the dialog stays open, with no indication of which field is actually missing.",Major,High,"settings,alerts,poi,validation,functional",Bug_Report_Screenshots/bug_10_11_alerts.png,Reverified 2026-09-07 (live 3x pass): REPRODUCED 3/3.
11,BMS Alert and Vehicle Odometer Alert: list never shows a newly created record,Bug,Trackofy,Settings - Alerts,"Creating a BMS Alert or Vehicle Odometer Alert shows a success toast and closes the dialog, but the list still reads 'No alerts found' even after a full page reload.",Web,V6.2,Staging,1. Open Settings > Alert > BMS Alert (or Vehicle Odometer Alert). 2. Create a new alert configuration. 3. Observe the success toast. 4. Reload the page and check the list.,The newly created alert should appear in the list.,"A success toast appears but the list still shows 'No BMS alerts found' / 'No vehicle odometer alerts found', even after a full reload.",Major,High,"settings,alerts,bms,odometer,data-integrity,functional",Bug_Report_Screenshots/bug_10_11_alerts.png,Reverified 2026-09-07 (live 3x pass): REPRODUCED 3/3 for both BMS Alert and Vehicle Odometer Alert.
12,Leaving the Create Route page redirects to Dashboard instead of Route Management,Bug,Trackofy,Settings - Route Management,Clicking Save Route (or Cancel on the Custom Route sub-tab) navigates to /home (Dashboard) instead of back to /settings/route.,Web,V6.2,Staging,1. Open Settings > Route Management > Create Route. 2. Fill in a valid route and click Save Route (or Cancel with no changes). 3. Observe the resulting page.,The app should return to Route Management (/settings/route) after Save or Cancel.,"The app navigates to /home (the main Dashboard) instead, in both the Save and Cancel cases.",Major,Medium,"settings,route-management,navigation,ui",Bug_Report_Screenshots/bug_12_12b_12c_13_route_driver.png,Reverified 2026-09-07 (live 3x pass): REPRODUCED 3/3 for both Save Route and Cancel.
13,Route Name is not actually enforced as mandatory,Bug,Trackofy,Settings - Route Management,Leaving Route Name blank while saving a route (with valid origin/destination) succeeds; the app silently defaults the name to 'My Route' instead of rejecting the submission.,Web,V6.2,Staging,1. Open Settings > Route Management > Create Route. 2. Fill valid origin/destination but leave Route Name blank. 3. Save.,"The form should reject the submission and require a route name, per the form's own 'mandatory' hint text.","The route saves successfully with the name silently defaulted to 'My Route', contradicting the documented mandatory requirement.",Minor,Medium,"settings,route-management,validation,data-integrity",Bug_Report_Screenshots/bug_12_12b_12c_13_route_driver.png,Reverified 2026-09-07 (live 3x pass): REPRODUCED 3/3.
14,Driver create form: Address field is silently required,Bug,Trackofy,Settings - Driver,"The Create Driver button stays disabled until Address is filled, but Address has no visible required-field asterisk, unlike Name/Mobile/Email/DOB/DL.",Web,V6.2,Staging,"1. Open Settings > Driver > Create Driver. 2. Fill only the visibly-marked required fields (those with an asterisk), leaving Address blank. 3. Observe the Create button.","Every field required for the button to enable should be visibly marked as required, or the button should enable without it.","Create Driver stays disabled until Address is filled, with no visible indication that Address is required.",Minor,Low,"settings,driver,validation,ui,usability",Bug_Report_Screenshots/bug_14_15_driver_create.png,Reverified 2026-09-07 (live 3x pass): REPRODUCED 3/3.
15,Driver create form: Address field visually appears empty after typing,Bug,Trackofy,Settings - Driver,"The multi-line Address textbox's visible viewport scrolls to show the last line after typing, making the field look empty when only one line was entered.",Web,V6.2,Staging,"1. Open Settings > Driver > Create Driver. 2. Type a short, single-line address into the Address field. 3. Observe the field's visible contents.",The field should visibly show the entered text.,"The typed text is present in the DOM but the field's visible viewport shows blank space, appearing empty.",Minor,Low,"settings,driver,ui,usability",Bug_Report_Screenshots/bug_14_15_driver_create.png,"Reverified 2026-09-07 (live 3x pass): REPRODUCED 3/3 -- and more severe than originally described: the typed text rendered fully invisible in the textarea, not just the lines past the first."
12b,Driver list export downloads a file misnamed 'Unit_List',Bug,Trackofy,Settings - Cross-cutting,"Exporting the Driver list to CSV produces correct driver data inside the file, but the downloaded filename reads Unit_List_(date).csv.",Web,V6.2,Staging,1. Open Settings > Driver. 2. Use the Export action on the driver list. 3. Check the downloaded filename.,The exported file should be named after the Driver dataset (e.g. Driver_List_(date).csv).,"The file contains correct driver data but is named Unit_List_(date).csv, a name belonging to a different module.",Minor,Low,"settings,driver,export,ui",Bug_Report_Screenshots/bug_12_12b_12c_13_route_driver.png,Reverified 2026-09-07 (live 3x pass): REPRODUCED 3/3.
12c,Create Driver: raw SQL truncation error leaks through the API when email is too long,Bug,Trackofy,Settings - Driver,"Submitting Create Driver with an email address around 31+ characters returns an HTTP 500 with a raw, unhandled SQL Server truncation error, with no client-side length validation to catch it first.",Web,V6.2,Staging,1. Open Settings > Driver > Create Driver. 2. Fill a valid-looking form with an email address 31+ characters long. 3. Submit.,"The form should validate email length client-side, or the server should return a clean validation error.",HTTP 500 from POST /api/add-driver with the raw SQLSTATE[42000] truncation error (table/column names) in the response body.,Major,High,"settings,driver,sql-error,information-disclosure,api",Bug_Report_Screenshots/bug_12_12b_12c_13_route_driver.png,"Reverified 2026-09-07 (live 3x pass): REPRODUCED 3/3 -- identical SQLSTATE truncation error every time; also observed the same class of bug triggers off an over-length Name value, truncating at the name column instead -- worth noting as a related manifestation, not a separate bug."
17,"Vehicle Summary, Trip Report and Cumulative Distance fail with a raw SQL error for any date range whose monthly telemetry table doesn't exist",Bug,Trackofy,Reports,"These three reports' queries reference a monthly telemetry partition table directly; when no partition exists for the requested month, the query throws a raw SQL 500 instead of returning zero rows -- reproduces for any month with no data, not one isolated case.",Web,V6.2,Staging,1. Open Reports > Standard > Vehicle Summary (or Trip Report / Cumulative Distance). 2. Select a date range in a month with no telemetry data for the account. 3. Generate.,The report should return a clean 'no data' state for a date range with no telemetry.,HTTP 500 with a raw SQLSTATE[42S02] 'Invalid object name' error (referencing the specific missing monthly partition table) in the response body.,Major,High,"reports,sql-error,information-disclosure,data-provisioning,api",Bug_Report_Screenshots/bug_17_18_19_20_reports.png,"Reverified 2026-09-07 (live 3x pass): REPRODUCED 3/3 across all three affected report types (Vehicle Summary, Trip Report, Cumulative Distance)."
18,"Fleet Summary KPI cards can display a stale value from an earlier, slower request",Bug,Trackofy,Reports,The KPI cards are populated from a separate API call with no request-sequencing guard; a slower earlier all-vehicles request can overwrite the cards with stale data after a faster later single-vehicle request has already rendered correctly.,Web,V6.2,Staging,"1. Open Reports > Standard > Fleet Summary. 2. Generate for all vehicles (slow). 3. Immediately switch to and generate for a single vehicle (fast, resolves first). 4. Wait for the slow request to also resolve.",The KPI cards should reflect the currently-selected filter/report only.,"The KPI cards briefly show the correct single-vehicle value, then get overwritten back to the stale all-vehicles value once the slower request resolves.",Major,High,"reports,fleet-summary,race-condition,kpi,functional",Bug_Report_Screenshots/bug_17_18_19_20_reports.png,"Reverified 2026-09-07 (live 3x pass): NOT REPRODUCED this pass -- the app now blocks the UI action needed to create the interleaving (the Filters/Generate control stays non-interactive until the in-flight slow request resolves), so the described request race could not be triggered via the UI across 6 attempts using 2 different methodologies. Possibly fixed since the original finding, or requires bypassing the UI with raw concurrent API calls to reach -- flagged for follow-up rather than closed outright."
19,A failed report-generation request leaves the UI permanently stuck on 'Generating...',Bug,Trackofy,Reports,"If the report-table API call fails at the network level, the Generate button switches to 'Generating...' and never recovers -- no error, no retry, no timeout handling.",Web,V6.2,Staging,1. Open any Standard Report. 2. Simulate/encounter a network failure during Generate (e.g. connection drop). 3. Observe the Generate button.,"The UI should show an error/retry state after a failed request, not remain stuck loading indefinitely.",The button permanently shows 'Generating...' with no error message or retry affordance; the only escape is leaving the report form.,Major,High,"reports,error-handling,ui,functional",Bug_Report_Screenshots/bug_17_18_19_20_reports.png,Reverified 2026-09-07 (live 3x pass): REPRODUCED 3/3.
20,"Fleet Summary with all vehicles selected hangs on 'Generating...' forever, even though both backend calls succeed",Bug,Trackofy,Reports,"Selecting all vehicles via 'Select All' for Fleet Summary and generating never renders a result, despite both underlying API calls returning HTTP 200 -- the frontend never transitions out of the loading state.",Web,V6.2,Staging,1. Open Reports > Standard > Fleet Summary. 2. Click 'Select All' to select all vehicles. 3. Click Generate. 4. Wait 45+ seconds.,The report/KPI cards should render using the successfully-returned data.,"The Generate button stays permanently on 'Generating...'; the table shows a static loading skeleton with 0 real rows bound, despite both backend calls succeeding.",Major,High,"reports,fleet-summary,select-all,ui,functional,blocker",Bug_Report_Screenshots/bug_17_18_19_20_reports.png,"Reverified 2026-09-07 (live 3x pass): NOT REPRODUCED this pass -- an initial false positive (a stale ""Generating..."" label sitting in a closed, off-screen Filters drawer) was ruled out; on proper re-test, all-vehicles Fleet Summary rendered correctly with real data in 2.3-6.9s across 6 attempts (3 all-vehicles + 3 single-vehicle), no hang, no stuck skeleton rows, no zero pagination. Possibly fixed since the original finding."
21,KPI Settings' 'Select All' paradoxically deselects down to the protected minimum when already fully selected,Bug,Trackofy,Home,"Clicking 'Select All' in Home's KPI Settings while already at full selection (10/10) drops the selection down to the protected minimum (6) instead of staying at 10, with no relabeling of the button.",Web,V6.2,Staging,1. Open Home > KPI Settings with all 10 KPIs already selected. 2. Click 'Select All' again. 3. Click Save. 4. Observe the header KPIs.,Clicking 'Select All' while already fully selected should be a no-op (stay at 10 selected).,"The selection drops to the protected minimum of 6, silently removing 4 KPIs once Save is clicked.",Major,Medium,"home,kpi,settings,data-loss,functional",Bug_Report_Screenshots/bug_21_22_23_home.png,Reverified 2026-09-07 (live 3x pass): REPRODUCED 3/3.
22,Two of a Group's five status chips ('Active' and 'No Data') always filter Fleet to zero vehicles,Bug,Trackofy,Home,"On Home's Groups tab, clicking the 'Active' or 'No Data' status chip always filters Fleet to 0 vehicles regardless of the group or the chip's own displayed count; Running/Idle/Stopped work correctly.",Web,V6.2,Staging,1. Open Home > Groups tab. 2. Click the 'Active (N)' or 'No Data (N)' chip on any group card. 3. Observe the filtered Fleet list.,"Clicking a status chip should filter Fleet to the matching vehicles, consistent with the chip's own count.","Fleet always shows 0 vehicles for 'Active' and 'No Data' chips, confirmed across multiple groups and both large and single-vehicle samples.",Major,High,"home,groups,filter,fleet,functional",Bug_Report_Screenshots/bug_21_22_23_home.png,"Reverified 2026-09-07 (live 3x pass): REPRODUCED 3/3, tested across 2 different groups x 2 chips per run (6 combinations total, all 3 runs)."
23,A 'Map only' GeoLink still exposes the vehicle's identifying registration number to anonymous visitors,Bug,Trackofy,Home - GeoLinks,Creating a 'Map only' GeoLink (promised as 'vehicle location without details') and opening its public URL in an unauthenticated context shows the vehicle's full registration/identifying string anyway.,Web,V6.2,Staging,"1. Open Home > GeoLinks. 2. Create a 'Map only' share link for a vehicle. 3. Open the real public URL in a fresh, unauthenticated browser context (no login/cookies). 4. Observe the page content.","A 'Map only' link should show only an anonymous location pin, with no vehicle-identifying details.","The vehicle's full registration/identifying string is shown directly on the page, alongside status and distance -- contradicting the access level's own stated promise.",Major,High,"home,geolinks,security,information-disclosure",Bug_Report_Screenshots/bug_21_22_23_home.png,Reverified 2026-09-07 (live 3x pass): REPRODUCED 3/3.
25,Closing the Create User wizard without clicking Submit still permanently creates the user,Bug,Trackofy,Administrator,"Step 1 to Step 2 of the Create User wizard makes a real, immediate save API call; closing the wizard at any later point without ever clicking Submit does not roll back the already-created user.",Web,V6.2,Staging,1. Open Administrator > Create User. 2. Fill Step 1 and click Next Step. 3. Progress through further steps without configuring menu/permissions if desired. 4. Close the wizard via the 'X' icon instead of clicking Submit. 5. Check User Management.,"A user should only be considered created after the final Submit succeeds, per the module's own design intent.","A real, permanent user account is created with default/empty authorization the moment Step 1's Next Step is clicked, regardless of whether the wizard is ever completed or submitted.",Major,High,"administrator,create-user,wizard,security,data-integrity",Bug_Report_Screenshots/bug_25_26_27_28_29_30_31_32_33_administrator.png,Reverified 2026-09-07 (live 3x pass): REPRODUCED 3/3.
26,"'Add Group' on the Create User wizard re-fetches its static menu list from the API on every click, with no loading indicator or debounce",Bug,Trackofy,Administrator,"Clicking 'Add Group' in Step 2 always re-fetches an effectively static menu list (multi-second unindicated delay) and has no debounce, so rapid clicks stack multiple duplicate dialogs.",Web,V6.2,Staging,"1. Open Administrator > Create User wizard, Step 2 (Menu Access). 2. Click 'Add Group' once and time the delay before the dialog appears. 3. Click 'Add Group' multiple times rapidly. 4. Count open dialogs.",The menu list should be fetched once and cached/reused; the button should be disabled or debounced while a fetch/dialog-open is in progress.,Every click re-issues the same API call with no loading feedback; rapid clicks stack one independent dialog per click (confirmed 1 -> 4 dialogs after 3 rapid clicks).,Minor,Medium,"administrator,create-user,performance,ui,debounce",Bug_Report_Screenshots/bug_25_26_27_28_29_30_31_32_33_administrator.png,Reverified 2026-09-07 (live 3x pass): REPRODUCED 3/3 for the stacking defect; the open-delay is confirmed present every time (1.16-1.29s) though measured smaller than the originally reported ~5s.
27,"Step 4's unit selector is a separate, unfiltered picker over the entire fleet, disconnected from Step 1's vehicle scope (confirmed harmless, UX-only)",Bug,Trackofy,Administrator,"Step 4 (Unit Permission) lists the entire fleet regardless of Step 1's vehicle scope, with no visual indication of which options are actually in scope. Confirmed via a follow-up authorization test that the resulting permission has no real effect outside Step 1's scope.",Web,V6.2,Staging,"1. Open Administrator > Create User wizard. 2. In Step 1, select only one vehicle. 3. In Step 4, observe the unit selector's full option list.",Step 4's unit list should be filtered to (or visually flag) Step 1's selected vehicle scope.,Step 4 shows the entire fleet (30+ other vehicles never chosen in Step 1) with no visual distinction of in-scope vs out-of-scope options.,Minor,Low,"administrator,create-user,ux,wizard",Bug_Report_Screenshots/bug_25_26_27_28_29_30_31_32_33_administrator.png,"Live page captured; confirmed harmless from a security standpoint via a prior effective-authorization test (Phase 8) -- UX-only finding, not re-triggered this pass."
28,"[CRITICAL] Clicking 'Edit' on a user row opens a completely different, unrelated user's data",Bug,Trackofy,Administrator,"Clicking a specific, searched-down-to-one user row's Edit action opens the Edit dialog pre-bound to a different, unrelated existing username instead of the clicked user, reproduced across independent sessions with a clean-overlay-state check ruling out a stale dialog.",Web,V6.2,Staging,1. Create or identify a specific sub-user in Administrator > User Management. 2. Search down to exactly that one matching row. 3. Click that row's Edit user action. 4. Observe the dialog title/bound user.,The Edit dialog should open bound to the exact user whose row's Edit action was clicked.,"The dialog opens titled for a different, unrelated pre-existing username ('Tarunn'), confirmed reproducible across independent sessions with zero pre-existing overlay panes before the click.",Critical,Highest,"administrator,edit-user,data-integrity,security,access-control",Bug_Report_Screenshots/bug_25_26_27_28_29_30_31_32_33_administrator.png,"Reverified 2026-09-07 (live 3x pass): REPRODUCED 3/3, including the stale-dialog-artifact control (0 overlay panes immediately before the Edit click, exactly 1 immediately after) ruling out the alternate explanation in every attempt."
29,Menu Access is only enforced by hiding nav items -- direct URL navigation reaches modules a sub-user was never granted,Bug,Trackofy,Administrator,"A sub-user's Menu Access is implemented as client-side nav-item hiding only; navigating a sub-user directly to /settings/driver or /administrator by URL loads the real page shell, including a functional Administrator/User Management page for a sub-user never granted Administrator.",Web,V6.2,Staging,1. Create a sub-user with a menu group granting only Home/Dashboard/Tracking. 2. Log in as that sub-user. 3. Navigate directly to /administrator (or /settings/driver) by URL.,"Direct URL navigation to an ungranted module should be blocked/redirected (a real route guard), not just hidden from the nav.",The real page shell loads normally for both URLs; /administrator in particular loads a fully functional User Management page (showing '0 users') for a sub-user who should never be able to reach it under any configuration.,Major,High,"administrator,authorization,security,route-guard",Bug_Report_Screenshots/bug_25_26_27_28_29_30_31_32_33_administrator.png,Reverified 2026-09-07 (live 3x pass): REPRODUCED 3/3.
30,General Permission category 'User' is relabelled 'Global' between the Create wizard and the Permissions dialog,Bug,Trackofy,Administrator,"The Create User wizard's Step 3 General Permission category named 'User' is the same category, on the same account/user, labelled 'Global' when reopened via the row's Permissions action.",Web,V6.2,Staging,"1. Open Administrator > Create User wizard, Step 3, and note the 'User' General Permission category. 2. For the same user, open the row's Permissions (manage_accounts icon) action's General Permission tab. 3. Compare category labels.",The same permission category should be labelled consistently across both surfaces.,"The identical category is labelled 'User' during creation and 'Global' when re-opened via Permissions, for the same user/account.",Minor,Low,"administrator,permissions,consistency,ui",Bug_Report_Screenshots/bug_25_26_27_28_29_30_31_32_33_administrator.png,Reverified 2026-09-07 (live 3x pass): REPRODUCED 3/3.
31,Unicode (non-Latin) characters in a username are corrupted to literal '?' characters,Bug,Trackofy,Administrator,"Creating a sub-user with a Chinese-character username results in the displayed username becoming literal '?' characters after creation and a page reload -- real character corruption, not a font-rendering issue.",Web,V6.2,Staging,1. Open Administrator > Create User. 2. Enter a username containing non-Latin (e.g. Chinese) characters. 3. Complete creation and reload the page. 4. Observe the username in User Management.,The original Unicode username should be preserved and displayed correctly.,"The Chinese characters are replaced with literal '?' characters, a classic sign of a text-encoding mismatch somewhere in the save/reload/render pipeline.",Major,Medium,"administrator,create-user,unicode,data-integrity,encoding",Bug_Report_Screenshots/bug_25_26_27_28_29_30_31_32_33_administrator.png,Reverified 2026-09-07 (live 3x pass): REPRODUCED 3/3.
32,'User already exists' error for common usernames the account doesn't actually have -- appears globally scoped with a misleading message,Bug,Trackofy,Administrator,"Creating sub-users named 'test', 'admin', or 'demo' in an account with no such existing users all fail with 'user already exists' (app's own typo: user_alread_exist), while a more specific name is accepted normally; the underlying save call returns HTTP 200 even for the rejected names.",Web,V6.2,Staging,"1. In an account with no users named 'test'/'admin'/'demo', open Administrator > Create User. 2. Attempt to create a user named 'test' (then 'admin', then 'demo'). 3. Observe the error and the same-account user list.","Either the check should be scoped per-account, or the error message should clarify the collision is with a username taken elsewhere on the platform.","All three common names are rejected as 'already exists' despite not existing in this account, suggesting a global (not per-account) uniqueness check with a misleading, account-scoped-sounding error message.",Minor,Medium,"administrator,create-user,validation,usability,error-message",Bug_Report_Screenshots/bug_25_26_27_28_29_30_31_32_33_administrator.png,"Reverified 2026-09-07 (live 3x pass): REPRODUCED 3/3 (9/9 individual attempts across ""test""/""admin""/""demo"") -- confirmed HTTP 200 with status:false, message:""user_alread_exist"" [sic] every time."
33,[Low] No show/hide (eye) toggle on the Password / Confirm Password fields in the Create User wizard,Bug,Trackofy,Administrator,"Step 1's Password and Confirm Password fields are plain type=password inputs with no visibility-toggle control, inconsistent with the User Management table's own working password-reveal toggle per row.",Web,V6.2,Staging,"1. Open Administrator > Create User wizard, Step 1. 2. Locate the Password and Confirm Password fields. 3. Look for a visibility-toggle (eye) icon.","A visibility toggle should be available, consistent with the same capability already present in the User Management table.","No visibility toggle exists on either field in the wizard, though the same capability exists elsewhere in the module (User Management's per-row 'Show password').",Minor,Low,"administrator,create-user,usability,password",Bug_Report_Screenshots/bug_25_26_27_28_29_30_31_32_33_administrator.png,Reverified 2026-09-07 (live 3x pass): REPRODUCED 3/3.
34,"At mobile viewport widths, the Account menu is not reachable through any UI control",Bug,Trackofy,Miscellaneous Pages,"At a 390x844 mobile viewport, the desktop Account-menu avatar button becomes invisible and no alternative control opens My Profile, Support, Change Password, Language, or Sign Out.",Web,V6.2,Staging,1. Set the browser viewport to 390x844 (or a similar phone size). 2. Log in and look for the Account menu (avatar button). 3. Try the hamburger/menu toggle and any other visible control.,"A mobile-appropriate control should provide access to My Profile, Support, Change Password, Language, and Sign Out.","The desktop avatar button is invisible; the mobile hamburger only toggles the primary nav list. No control anywhere in the mobile layout opens the Account menu items, including Sign Out.",Major,High,"misc,account-menu,responsive,mobile,security,ux",Bug_Report_Screenshots/bug_34_misc_account.png,Reverified 2026-09-07 (live 3x pass): REPRODUCED 3/3.
35,"[CRITICAL] Raise Support Ticket cannot be submitted -- vehicle counter never updates, and Submit stays permanently disabled on a fully valid form",Bug,Trackofy,Miscellaneous Pages - Support,"The 'X selected' vehicle counter in Raise Support Ticket never updates from '0 selected' despite real selections registering at the component level, and the Submit Ticket button never enables even with every field genuinely valid (no visible errors anywhere), verified across four different input methods.",Web,V6.2,Staging,"1. Open Profile > Support > Raise Ticket. 2. Select one or more vehicles, a Category, a Severity, and enter a valid Comment, Email, and Mobile. 3. Observe the selected-count indicator and the Submit Ticket button.","The selected-count indicator should reflect the real selection, and Submit Ticket should enable once the form is genuinely valid.","The counter stays at '0 selected' regardless of real selection, and Submit Ticket never enables even on a fully valid form -- the ticket cannot be submitted through the UI.",Critical,Highest,"misc,support,raise-ticket,functional,blocker",Bug_Report_Screenshots/bug_35_36_support.png,Reverified 2026-09-07 (live 3x pass): REPRODUCED 3/3.
36,[Low] Raise Support Ticket's Comment field ignores any programmatic value change -- only real keystrokes register,Bug,Trackofy,Miscellaneous Pages - Support,"The Comment textarea never registers a value set via a standard programmatic value+input-event write; only genuine keystroke-by-keystroke input updates the value, counter, and Angular form state.",Web,V6.2,Staging,"1. Open Profile > Support > Raise Ticket. 2. Attempt to set the Comment field's value via paste, autofill, or another non-keystroke method. 3. Observe the field's value and the character counter.","The field should register a value change regardless of the input method (typing, paste, autofill, voice-to-text, etc.).",Only real per-character keystrokes register; programmatic/paste-style value changes leave the field looking empty/untouched with the counter still at 0/200.,Minor,Low,"misc,support,raise-ticket,input-handling,usability",Bug_Report_Screenshots/bug_35_36_support.png,"Reverified 2026-09-07 (live 3x pass): REPRODUCED 3/3 under the literal repro steps, with a nuance worth carrying into the Jira ticket: this looks like a load/binding timing race on dialog-open rather than an absolute rejection of all programmatic writes -- adding a short settle delay before fill() made it succeed consistently in a follow-up check. press_sequentially remains the only consistently reliable input path either way."
37,[CRITICAL] Change Password: 'Verify' always rejects the correct current password -- the feature is completely unusable,Bug,Trackofy,Miscellaneous Pages - Change Password,"Stage 1's 'Verify' step always rejects the account's real, correct, currently-working password with 'Unable to verify password. Please try again.', confirmed on two independent accounts including one whose password was set moments earlier by the same session.",Web,V6.2,Staging,"1. Open Profile > Change Password. 2. Enter the account's real, current, correct password in Stage 1. 3. Click Verify.",Verify should succeed for the correct current password and unlock Stage 2 (New Password / Confirm New Password).,"Verify always fails with 'Unable to verify password. Please try again.', regardless of account, confirmed with an exact input_value() match immediately before submitting.",Critical,Highest,"misc,change-password,security,functional,blocker",Bug_Report_Screenshots/bug_37_change_password.png,Reverified 2026-09-07 (live 3x pass): REPRODUCED 3/3.
38,"[High] Help Center's main search always returns '0 found' -- breaks the primary search box and every Quick Link, Popular Section, and Common Issue shortcut",Bug,Trackofy,Miscellaneous Pages - Help Center,"The main Help Center search never returns a real result even for a guaranteed-matching term, and every Quick Link/Popular Section/Common Issue shortcut is wired to the same broken search, landing on the same '0 found' dead end.",Web,V6.2,Staging,"1. Open Help Center. 2. Search for a term guaranteed to match a real article/category (e.g. 'device'). 3. Also try any Quick Link, Popular Section, or Common Issue shortcut.",The search (and every shortcut built on it) should return the matching article/category.,"The main search always returns '0 found / No results found'; every shortcut relying on it lands on the same dead end. The sidebar's own separate mini-filter works correctly, isolating the bug to the main search integration.",Major,High,"misc,help-center,search,functional",Bug_Report_Screenshots/bug_38_39_help_center.png,"Reverified 2026-09-07 (live 3x pass): REPRODUCED 3/3 on the core main-search claim; secondary Quick Link/Popular Section/Common Issue checks came back 2/3 clean (1 attempt hit an unrelated infra navigation timeout, not a bug inconsistency)."
39,[Low] Help Center's category/article navigation doesn't push browser history -- Back leaves the page entirely,Bug,Trackofy,Miscellaneous Pages - Help Center,"Opening a category is a pure in-page state change with no URL/history change; clicking Back doesn't step back within Help Center, it leaves Help Center entirely for whatever page was open before.",Web,V6.2,Staging,1. Open Help Center. 2. Open a category (e.g. Device) from the sidebar. 3. Click the browser's Back button.,Back should return to the Help Center landing view.,"Back leaves Help Center entirely, landing on the page open before Help Center was navigated to (e.g. /home).",Minor,Low,"misc,help-center,navigation,browser-history,ux",Bug_Report_Screenshots/bug_38_39_help_center.png,Reverified 2026-09-07 (live 3x pass): REPRODUCED 3/3.
40,"[High] Multi-select filters start with every option pre-selected, so clicking one to isolate it actually deselects it instead",Bug,Trackofy,Video Telematics - Alert Configuration / Report,"Alert Configuration's Vehicle filter and Report's Vehicle and Alert Type filters all default to every option already selected; clicking one option to isolate it toggles that option OFF, leaving every other option still selected -- the opposite of the intended filter.",Web,V6.2,Staging,"1. Open Video Telematics > Alert Configuration (or Report). 2. Open the Vehicle (or Alert Type) multi-select filter, showing 'All' by default. 3. Click a single option to try to isolate it. 4. Observe the resulting filtered list.",Clicking a single option should filter the view to only that option.,"The clicked option is deselected while every other option remains selected, showing every record EXCEPT the one just clicked -- confirmed on Alert Configuration's Vehicle filter and Report's Vehicle and Alert Type filters.",Major,High,"video-telematics,alert-configuration,report,filter,functional",Bug_Report_Screenshots/bug_40_alert_config.png,"Reverified 2026-09-07 (live 3x pass): REPRODUCED 3/3 across all 3 tested locations (Alert Configuration's Vehicle filter, Report page's Vehicle filter, Report page's Alert Type filter)."
41,[Medium] Update Video Alert dialog: 5 of 7 fields are pre-filled correctly but cannot actually be changed,Bug,Trackofy,Video Telematics - Alert Configuration,"In the Update Video Alert dialog, Vehicle, Alert Type, Priority, Delivery Channels, and Delivery Mode are all disabled/read-only despite looking like normal editable controls; only Cooldown and Status are genuinely editable.",Web,V6.2,Staging,"1. Open Video Telematics > Alert Configuration. 2. Click Edit on an existing alert. 3. Attempt to change Vehicle, Alert Type, Priority, Delivery Channels, or Delivery Mode.","All fields shown in the Edit dialog should be editable, consistent with the documented Edit Alert capability.","Vehicle, Alert Type, Priority, Delivery Channels, and Delivery Mode are all disabled and cannot be changed; only Cooldown Minutes and Status remain interactive.",Major,Medium,"video-telematics,alert-configuration,edit,functional",Bug_Report_Screenshots/bug_41_alert_config2.png,Reverified 2026-09-07 (live 3x pass): REPRODUCED 3/3.
42,"[Medium] Report page's Notification filter has no 'Skipped' option, even though SKIPPED is a common real value in the table",Bug,Trackofy,Video Telematics - Report,"The Notification filter offers All/Sent/Pending/Failed but no Skipped, while the report table's own Notification column routinely shows SKIPPED as the most common real value.",Web,V6.2,Staging,1. Open Video Telematics > Report. 2. Open the Notification filter dropdown. 3. Compare its options against the values actually shown in the table's Notification column.,"The filter's options should cover the real values present in the data, including Skipped.","No 'Skipped' filter option exists, despite most real rows in a default report showing SKIPPED as their Notification value.",Minor,Medium,"video-telematics,report,filter,data-consistency",Bug_Report_Screenshots/bug_42_43_44_report.png,Reverified 2026-09-07 (live 3x pass): REPRODUCED 3/3.
43,"[High] Export to Excel/CSV/PDF, Print, and Copy on the Report page are all unimplemented stubs",Bug,Trackofy,Video Telematics - Report,"All 5 export-area buttons on the Report page only console.log the label and current row data; none downloads a file, opens a print dialog, writes to clipboard, or shows any user-facing feedback.",Web,V6.2,Staging,"1. Open Video Telematics > Report and generate a report. 2. Click each of Export to Excel, Export to CSV, Export to PDF, Print, and Copy in turn. 3. Observe any resulting download/dialog/clipboard/feedback.","Each action should perform its labeled function (download a file, open print dialog, or copy to clipboard) with user feedback.","None of the 5 actions does anything beyond a console.log of the label and row data -- no download, no print dialog, no clipboard write, and no visible feedback for any of them.",Major,High,"video-telematics,report,export,print,functional",Bug_Report_Screenshots/bug_42_43_44_report.png,Reverified 2026-09-07 (live 3x pass): REPRODUCED 3/3 for all 5 export/print/copy actions.
44,[High] Report page's Alert Type filter is sent to the backend correctly but has no effect on the returned results,Bug,Trackofy,Video Telematics - Report,"Selecting a single alert type and generating sends a correctly-formed request including the alarm_code filter, but the returned 50-row page is unfiltered -- the backend appears to silently ignore the alarm_code parameter.",Web,V6.2,Staging,1. Open Video Telematics > Report. 2. Select a single Alert Type (e.g. 'Speeding'). 3. Click Generate Report. 4. Inspect the returned rows.,The returned rows should be filtered to only the selected alert type.,"The request correctly includes the alarm_code filter, but the returned rows are unfiltered (a full, unfiltered page including unrelated alert types).",Major,High,"video-telematics,report,filter,backend,functional",Bug_Report_Screenshots/bug_42_43_44_report.png,Reverified 2026-09-07 (live 3x pass): REPRODUCED 3/3.
45,[CRITICAL] Evidence snapshot and video files are fully downloadable with zero authentication,Bug,Trackofy,Video Telematics - Report / Evidence,"Evidence snapshot/video URLs served from a separate host carry only file-location metadata (no session/token/auth of any kind) in their query parameters; both a captured snapshot URL and video URL were successfully fetched in full from a completely fresh, unauthenticated browser context.",Web,V6.2,Staging,"1. Open Video Telematics > Report and open an evidence-bearing row's snapshot or video. 2. Capture the real evidence URL. 3. Open that exact URL in a fresh, cookie-less, never-authenticated browser context.",Evidence files should require a valid session/token before being served; an unauthenticated request should be denied.,"Both the snapshot and video URLs return 200 OK with the full, correct file (matching content-type and byte size) to a party that never logged in.",Critical,Highest,"video-telematics,evidence,security,information-disclosure,authentication",Bug_Report_Screenshots/bug_45_dashboard.png,"Reverified 2026-09-07 (live 3x pass): REPRODUCED 3/3 for both snapshot and video URLs, byte-exact content match against a completely fresh, cookie-less request context each time."
46,[Low] Video Telematics' custom-styled combobox controls show no visible focus indicator,Bug,Trackofy,Video Telematics - Dashboard / Playback / Report,"Keyboard-focusing the styled vehicle/channel selectors (shared across Dashboard, Playback, and Report) leaves outline:none and box-shadow:none with no other focus-indicating class on any ancestor.",Web,V6.2,Staging,1. Open Video Telematics > Dashboard (or Playback/Report). 2. Tab to the vehicle/channel selector using the keyboard only. 3. Observe whether any visible focus indicator appears.,A visible focus indicator (outline or box-shadow) should appear on keyboard focus (WCAG 2.4.7).,No visible change occurs at all when the control receives keyboard focus.,Minor,Low,"video-telematics,accessibility,focus-indicator,wcag",Bug_Report_Screenshots/bug_46_47_playback.png,"Reverified 2026-09-07 (live 3x pass): REPRODUCED 3/3, plus a supplementary real-keyboard-Tab check that also confirmed no visible focus indicator."
47,"[Medium] At mobile viewport widths, the navigation drawer auto-opens over page content and its own Close button renders outside the viewport",Bug,Trackofy,Video Telematics,"At a 390x844 viewport, every Video Telematics sub-page's own left-nav drawer opens automatically over the real page content (which becomes width:0/invisible), and the drawer's Close control is itself unreachable/outside the viewport.",Web,V6.2,Staging,1. Set the browser viewport to 390x844. 2. Open any Video Telematics sub-page (Dashboard/Playback/etc). 3. Observe the navigation drawer and attempt to close it via its Close control.,"The module's real content should be usable at mobile widths, with any drawer dismissible via a reachable Close control.","The drawer auto-opens and hides the real page content; its own Close button is reported outside the viewport and un-clickable, trapping the user.",Major,Medium,"video-telematics,responsive,mobile,navigation,ux",Bug_Report_Screenshots/bug_46_47_playback.png,Reverified 2026-09-07 (live 3x pass): REPRODUCED 3/3.
48,[Minor] Login heading has a typo -- 'Sign in to you account',Bug,Trackofy,Login Page,"The login page's main heading reads 'Sign in to you account', missing the 'r' in 'your'.",Web,V6.2,Staging,1. Open the login page (https://staging.trackofy.com/). 2. Read the main heading.,The heading should read 'Sign in to your account'.,The heading reads 'Sign in to you account'.,Minor,Low,"login,typo,copy,ui",Bug_Report_Screenshots/bug_48_49_login_page.png,Reverified 2026-09-07 (live 3x pass): REPRODUCED 3/3.
49,[Medium] Password visibility toggle is unreachable via Tab (tabindex=-1),Bug,Trackofy,Login Page,"The password-visibility eye icon works correctly on click but carries tabindex=-1, removing it from the natural keyboard Tab order between Password and the next field.",Web,V6.2,Staging,1. Open the login page. 2. Click into the Username field. 3. Press Tab repeatedly and observe whether keyboard focus ever reaches the password-visibility toggle.,"The password-visibility toggle should be reachable via Tab, per the design doc's accessibility checklist.","The toggle is skipped entirely during Tab navigation due to tabindex=-1, though it works correctly via mouse click.",Major,Medium,"login,accessibility,keyboard,wcag",Bug_Report_Screenshots/bug_48_49_login_page.png,Reverified 2026-09-07 (live 3x pass): REPRODUCED 3/3.
50,"[High] Every failed login shows a raw technical error instead of a safe, user-friendly message",Bug,Trackofy,Login Page,"Every failed-login scenario (nonexistent username, wrong password) shows the literal, unmodified HTTP client error naming the real backend host and endpoint, instead of a safe generic message.",Web,V6.2,Staging,1. Open the login page. 2. Attempt to log in with an invalid username or a valid username with the wrong password. 3. Observe the error message shown.,"A safe, generic message such as 'Invalid username or password' should be shown.","The raw error 'Http failure response for https://beta2.trackofy.com/trackofy_api_new/token.php: 401 Unauthorized' is shown verbatim, naming the real backend host/endpoint.",Major,High,"login,error-handling,information-disclosure,security",Bug_Report_Screenshots/bug_50_raw_error.png,Reverified 2026-09-07 (live 3x pass): REPRODUCED 3/3.
51,"[Low] Auth token is stored in localStorage, not an HttpOnly cookie",Bug,Trackofy,Login Page,"The session/JWT token and related auth values live in localStorage rather than an HttpOnly/Secure/SameSite cookie, meaning any script running on the page (e.g. a future XSS) could read and exfiltrate it directly.",Web,V6.2,Staging,1. Log in successfully. 2. Inspect browser storage (Application/Storage tab) for cookies and localStorage.,"The session token should be stored in an HttpOnly, Secure, SameSite cookie inaccessible to page JavaScript.","The token is stored in localStorage['token'] (plus adas_token, device_id, role, username, etc.); no auth-relevant cookie exists at all.",Minor,Low,"login,security,localstorage,token,defense-in-depth",Bug_Report_Screenshots/bug_51_67_login_page.png,Reverified 2026-09-07 (live 3x pass): REPRODUCED 3/3.
52,[Minor] Inconsistent nav-item labeling -- 'UnassignDevice' has no space,Bug,Trackofy,Admin Panel,"Every Device-submenu nav link uses a spaced, title-cased label except one, whose real accessible link text is literally 'UnassignDevice' with no space.",Web,V6.2,Staging,1. Log in to the Admin Panel. 2. Open the Device nav submenu. 3. Compare each item's label text.,"All nav labels should follow the same spaced, title-cased convention.","'UnassignDevice' has no space, inconsistent with every sibling label ('Add Device', 'Manage Device', etc.).",Minor,Low,"admin-panel,navigation,ui,consistency",Bug_Report_Screenshots/bug_52_nav_unassign_device.png,Reverified 2026-09-07 (live 3x pass): REPRODUCED 3/3.
53,[Minor] Create Plan form: 'Currency*' label's for attribute points to the same id as 'BillType*',Bug,Trackofy,Admin Panel,"Both the BillType* and Currency* labels on Create Plan share for='billType', so Currency has no independently-reachable, correctly-associated label.",Web,V6.2,Staging,1. Open Admin Panel > Plan > Create Plan. 2. Inspect the DOM for the BillType and Currency field labels.,Each field should have its own uniquely-associated label.,Both labels share for='billType'; a screen reader announces 'BillType' when focusing the Currency control.,Minor,Low,"admin-panel,plan,accessibility,forms",Bug_Report_Screenshots/bug_53_create_plan.png,Reverified 2026-09-07 (live 3x pass): REPRODUCED 3/3.
54,[Minor] Manage User/Manage Dealer row-action icons and Tax List's Edit/Delete icons have no accessible name,Bug,Trackofy,Admin Panel,Row-level Update/Delete/View-Subusers icons on Manage User/Dealer use only a ptooltip attribute (no aria-label/role); Tax List's icons have neither ptooltip nor any ARIA attribute at all.,Web,V6.2,Staging,1. Open Admin Panel > User > Manage User (or Tax). 2. Inspect a row's action icons for aria-label or role attributes.,Icon-only action controls should have a real accessible name (aria-label or equivalent).,None of these icons have an aria-label or role='button'; they are unreachable via accessible-name-based queries and give a screen-reader user no indication of their function.,Minor,Low,"admin-panel,accessibility,icons,forms",Bug_Report_Screenshots/bug_54_manage_user.png,"Reverified 2026-09-07 (live 3x pass): REPRODUCED 3/3 on Manage Dealer and Tax; Manage User came back 2/3 clean (1 attempt hit a table-not-yet-loaded timing miss, not a contradicting result)."
55,Intermittent 500 from get-tax-master under rapid successive admin-panel API calls,Bug,Trackofy,Admin Panel - Tax,"A full serial run of the Tax test suite (multiple real create/delete cycles in quick succession) produced one real 500 from get-tax-master; isolated re-runs pass cleanly, indicating backend contention under rapid load.",Web,V6.2,Staging,1. Run several real Tax create/delete cycles against /admin/tax in quick succession. 2. Monitor API responses for get-tax-master.,get-tax-master should reliably return 200 even under rapid successive admin-panel activity.,One real HTTP 500 {'message':'Server Error'} was observed during a rapid full-suite run; the same test passes cleanly in isolation.,Minor,Low,"admin-panel,tax,backend,concurrency,intermittent",Bug_Report_Screenshots/bug_55_56_manage_user2.png,"Reverified 2026-09-07 (live 3x pass): NOT REPRODUCED this pass (0/9 rapid create/delete cycles across 3 runs) -- consistent with the bug's own documented intermittent nature; kept as documented, not withdrawn, pending a repro under genuine concurrent load."
56,[High] Manage User's search box does not filter at all,Bug,Trackofy,Admin Panel - User,"Entering any query in Manage User's search box and pressing Enter always re-renders the same full, unfiltered 15,900+-row list, regardless of the query.",Web,V6.2,Staging,"1. Open Admin Panel > User > Manage User. 2. Enter any known-present value (name, email) into the search box. 3. Press Enter. 4. Observe the result count/list.",The list should filter down to rows matching the search query.,"The full, unfiltered list is shown regardless of the query -- confirmed with multiple different real, known-present values.",Major,High,"admin-panel,user,search,functional",Bug_Report_Screenshots/bug_55_56_manage_user2.png,"Reverified 2026-09-07 (live 3x pass): REPRODUCED 3/3, with a working Tax-search control (correctly narrowed 8->1 row) confirming the search mechanism itself functions and Manage User's is specifically the broken one."
57,[Medium] Create User: colliding Mobile number is only rejected server-side after the entire 3-step wizard is submitted,Bug,Trackofy,Admin Panel - User,"Filling Mobile with an already-registered number passes client-side validation on every step and only fails after the final Submit, losing all entered data across all 3 steps with no field-specific indication.",Web,V6.2,Staging,"1. Open Admin Panel > User > Create User. 2. Fill all 3 steps, using a Mobile number that already belongs to an existing account. 3. Click Submit on the final step.","The Mobile field should be validated for uniqueness as soon as it's entered (Personal Information step), or entered data should be preserved on a late rejection.","The wizard accepts the colliding number through every step and only rejects it with 'Mobile number already exists' after final Submit, discarding all entered data.",Minor,Medium,"admin-panel,user,validation,usability",Bug_Report_Screenshots/bug_57_58_create_user_dealer.png,"Reverified 2026-09-07 (live 3x pass): REPRODUCED 2/3 clean (1 attempt inconclusive due to unrelated wizard-flakiness already documented elsewhere in this module, not a contradicting outcome) -- the colliding mobile number was accepted through all 3 wizard steps and rejected only at final submit, losing all entered data."
58,"[High] Create Dealer: a non-numeric PIN-Code value triggers a raw SQL Server error leaking the database host, port, and database name",Bug,Trackofy,Admin Panel - Dealer,"Submitting Create Dealer's Billing step with an alphanumeric value in a PIN-Code-shaped field returns HTTP 200 with a body containing a raw SQL Server conversion error, including the internal DB host, port, and database name.",Web,V6.2,Staging,"1. Open Admin Panel > User > Create Dealer. 2. Fill the Billing step, entering an alphanumeric value into a PIN-Code field. 3. Submit.","A clean validation error should be returned, with no internal connection details exposed, and client-side numeric validation should prevent this input in the first place.",HTTP 200 with body containing SQLSTATE[22018] and the literal DB Host/Port/Database values in the error text.,Major,High,"admin-panel,dealer,sql-error,information-disclosure,api",Bug_Report_Screenshots/bug_57_58_create_user_dealer.png,Reverified 2026-09-07 (live 3x pass): REPRODUCED 3/3 -- identical raw SQLSTATE error leaking the DB host/port/database name and the full INSERT statement every time.
59,Manage Dealer has no Delete action -- dealers created via this panel are permanent,Bug,Trackofy,Admin Panel - Dealer,"Every dealer row (new dummy and pre-existing real ones alike) has only an Update and a disabled White-Labeling icon -- no delete action of any kind, unlike Manage User's request-based delete.",Web,V6.2,Staging,1. Open Admin Panel > User > Manage Dealer. 2. Inspect any row's action-icon column for a delete option.,"A delete (or equivalent request-based removal) action should exist, consistent with Manage User's own delete flow.",No delete icon or action exists anywhere on Manage Dealer rows; a dealer created here is permanent (aside from status-toggle disabling).,Minor,Medium,"admin-panel,dealer,functional,gap",Bug_Report_Screenshots/bug_59_manage_dealer.png,Reverified 2026-09-07 (live 3x pass): Re-confirmed live alongside this pass's Bug 58/63 dealer-creation attempts -- every dealer row inspected still has no delete action.
60,Device assignment is eventually-consistent -- a device can be missing from its owner's device list well after 'assigned successfully',Bug,Trackofy,Admin Panel - Device,"After Add Device returns success and the owner's row-level device count correctly increments, the same owner's View Devices dialog can still omit the newly assigned device for an extended period (15-20+ seconds observed).",Web,V6.2,Staging,1. Open Admin Panel > Device > Add Device. 2. Assign a real device to a real end user. 3. Immediately open that owner's View Devices dialog in Manage Device.,The newly assigned device should appear in the owner's device list promptly after a successful assignment.,The device-list dialog can omit the device for an extended period even though the row's own device count already reflects the new total.,Minor,Medium,"admin-panel,device,eventual-consistency,backend",Bug_Report_Screenshots/bug_60_manage_device.png,Reverified 2026-09-07 (live 3x pass): COULD NOT VERIFY this pass -- no never-assigned device IMEI was found on the first page of Unassign Device's inventory to drive a real Add Device flow through. The original finding (reproduced across 3 runs in a prior session) stands undisturbed; simply not independently re-run here.
61,[WITHDRAWN] Create Plan Submit-enablement claim did not reproduce; replaced by a real finding: Manage Plan has no Edit/Delete action,Bug,Trackofy,Admin Panel - Plan,"Original claim (Submit requires every Payment Type row and every Menu List item checked) was reverified live and does NOT reproduce -- Submit reliably enables with just one row and one item checked. Root cause of the original false positive: Submit opens a SEPARATE confirmation dialog with its own Submit button; the original investigation never clicked that second button, so no create-plan API call was ever actually attempted. With both clicks performed, a minimal selection creates a real plan successfully (confirmed via a real plan_id returned by the API). New finding from this reverification: Manage Plan rows have no Edit/Delete action of any kind (same gap as Bug #59 for Manage Dealer) -- any plan created is permanent.",Web,V6.2,Staging,"1. Open Admin Panel > Plan > Create Plan. 2. Fill Plan Name, BillType, Selling Amount. 3. Check exactly ONE Payment Type row and ONE Menu List item. 4. Click Submit, then click Submit again in the confirmation dialog that appears (""Do you want to continue?""). 5. Check Manage Plan for the new row and its action-icon column.","Submit should enable with a minimal valid selection (confirmed working) and creation should succeed (confirmed working). Manage Plan rows should have an Edit/Delete action, consistent with Manage User/Tax.","Submit enables correctly and creation succeeds with a minimal selection (real plan_id returned) -- the original disabled-button claim does not reproduce. However, Manage Plan rows have NO Edit/Delete action at all (only S.No/Plan Name/Payments/Menu/Description columns, the Menu tag opens only a read-only cost view) -- any plan created through this form is permanent.",Minor,Medium,"admin-panel,plan,functional,gap",Bug_Report_Screenshots/bug_61_create_plan2.png,"Reverified 2026-09-07 (live 3x pass): [WITHDRAWN, unaffected by this pass] One confirmation pass performed per scope, not the full 3x (already conclusively root-caused and corrected earlier this session -- see the full withdrawal writeup below): minimal 1-row/1-item selection still enables Submit and opens the real confirmation dialog as documented."
62,[Low] Configuration's Manage Brand/Manage Model/Documentation and the top-level Menu page silently redirect to Dashboard,Bug,Trackofy,Admin Panel - Configuration,"Navigating directly to any of 4 real, clickable nav-linked URLs (Manage Brand, Manage Model, Documentation, Menu) silently redirects to /admin/dashboard with no error or explanation.",Web,V6.2,Staging,"1. Log in to the Admin Panel. 2. Navigate directly to /admin/configuration/manage-brand (or manage-model, documentation, or /admin/menu).","The requested page should load, or a clear 'not available' message should be shown.","The browser silently ends up on /admin/dashboard instead, with no error, redirect notice, or explanation.",Minor,Low,"admin-panel,configuration,navigation,ui",Bug_Report_Screenshots/bug_62_config_redirect.png,Reverified 2026-09-07 (live 3x pass): REPRODUCED 3/3 across all 4 URLs.
63,"[CRITICAL] Users and Dealers created via the Admin Panel cannot log in, and the standalone Forgot Password flow doesn't recognize them either",Bug,Trackofy,Admin Panel - User / Dealer,"No password is ever set during Create User/Dealer, direct login fails 401, and the main Forgot Password flow doesn't recognize these records by phone or email (while correctly recognizing a real pre-existing end user used as a control) -- the real activation path is a separate broken email flow (Bugs #64/#65).",Web,V6.2,Staging,1. Create a User or Dealer via the Admin Panel. 2. Attempt to log in with the record's mobile number as username. 3. Attempt the main login page's Forgot Password flow with the same mobile/email.,The created account should have a working path to obtain login credentials.,"Direct login returns 401 (no password was ever set); Forgot Password returns 'Please enter valid mobile/email' for both channels, while the identical flow works for a real control account.",Critical,Highest,"admin-panel,user,dealer,authentication,account-provisioning,blocker",Bug_Report_Screenshots/bug_63_64_65_66_dashboard.png,"Reverified 2026-09-07 (live 3x pass): REPRODUCED (User side) -- re-confirmed live with a fresh Admin-Panel-created user: login fails 401, Forgot Password doesn't recognize the record, and a control test against a real pre-existing user succeeds normally, isolating the gap to Admin-Panel-created records specifically. Dealer side inconclusive this pass -- both dealer-creation attempts failed before completion (verified via the full Manage Dealer list afterward), so the dealer-side login/forgot-password claim was not independently re-run."
64,[CRITICAL] Account-activation verification code request fails with a raw SQL fragment leaking through a broken JSON response -- Email channel,Bug,Trackofy,Admin Panel - User Activation,"After Create User, the real credentials/activation email's verification-code page fails when 'email' is chosen and the account's real email submitted, returning a client-side JSON-parse error revealing a raw SQL SELECT fragment.",Web,V6.2,Staging,"1. Create a User via the Admin Panel with a real email address. 2. Open the credentials/activation email received. 3. On the verification page, choose 'email' and submit the account's real email address.","A verification code should be sent, or a clean error shown with no internal details.","Error: Unexpected token 'S', 'SELECT ema'... is not valid JSON -- the backend is returning a raw, unexecuted SQL query fragment instead of a JSON response.",Critical,Highest,"admin-panel,user,activation,sql-error,information-disclosure,blocker",Bug_Report_Screenshots/bug_63_64_65_66_dashboard.png,Reverified 2026-09-07 (live 3x pass): COULD NOT INDEPENDENTLY VERIFY this pass -- no IMAP/inbox credentials exist in this environment to receive the real activation email and reach the verification-code page. The original finding (confirmed live by the user with a real inbox) stands undisturbed.
65,[CRITICAL] Account-activation verification code request fails with a raw SQL fragment leaking through a broken JSON response -- Phone channel,Bug,Trackofy,Admin Panel - User Activation,"The same verification-code page from Bug #64, when 'phone' is chosen and a phone number submitted, fails identically with a raw SQL SELECT fragment for the mobile lookup.",Web,V6.2,Staging,"1. From the same activation verification page as Bug #64, choose 'phone' instead. 2. Submit a phone number.","A verification code should be sent, or a clean error shown with no internal details.","Error: Unexpected token 'S', 'SELECT mob'... is not valid JSON -- the same broken-JSON/raw-SQL-fragment pattern as Bug #64, for the phone/mobile lookup query.",Critical,Highest,"admin-panel,user,activation,sql-error,information-disclosure,blocker",Bug_Report_Screenshots/bug_63_64_65_66_dashboard.png,Reverified 2026-09-07 (live 3x pass): COULD NOT INDEPENDENTLY VERIFY this pass -- same reason as Bug 64 (no inbox access).
66,[CRITICAL] Create Dealer sends no credentials/confirmation email at all,Bug,Trackofy,Admin Panel - Dealer Activation,"Creating a dealer via the Admin Panel sends no email whatsoever -- no credentials, no confirmation, no activation link -- a step below Create User's own broken-but-attempted flow.",Web,V6.2,Staging,1. Create a Dealer via the Admin Panel with a real email address. 2. Check the inbox for that email address for any resulting message.,An activation/credentials email (at minimum equivalent to Create User's) should be sent.,"No email of any kind is sent after Create Dealer, confirmed by the user with a real inbox.",Critical,Highest,"admin-panel,dealer,activation,email,blocker",Bug_Report_Screenshots/bug_63_64_65_66_dashboard.png,Reverified 2026-09-07 (live 3x pass): COULD NOT INDEPENDENTLY VERIFY this pass -- same reason as Bug 64 (no inbox access to confirm the absence of an email).
67,[HIGH] No rate limiting or account lockout on the login endpoint,Bug,Trackofy,Login Page,"25 consecutive failed login attempts (against both a nonexistent username and a real account) all behaved identically -- same status, message, and response time, no CAPTCHA, no lockout message, no HTTP 429.",Web,V6.2,Staging,"1. Open the login page. 2. Attempt to log in with an incorrect password 25+ times in quick succession, against a nonexistent username and separately against a real account. 3. Monitor responses, timing, and any CAPTCHA/lockout signal.","The endpoint should apply rate limiting and/or account lockout after a reasonable number of failed attempts (progressive backoff, temporary lockout, and/or CAPTCHA).","All 25 attempts (for both the nonexistent username and the real account) returned identical 401 responses with no growth in response time, no CAPTCHA, no lockout message, and no 429 -- confirmed the real account still logs in normally immediately afterward.",Major,High,"login,security,rate-limiting,brute-force,credential-stuffing",Bug_Report_Screenshots/bug_51_67_login_page.png,"Reverified 2026-09-07 (live 3x pass): REPRODUCED 3/3 -- 3 separate runs of 10 consecutive failed attempts each (30 total) against a nonexistent username: identical 401s, no growth in response time, no CAPTCHA, no 429, no lockout message in any run."
68,"Manage User pagination offers an unbounded ""show all rows"" option that freezes and crashes the browser",Bug,Trackofy,Admin Panel - User,"The Rows-per-page control offers 10/25/50/100/500/<total-row-count> -- the last option is literally the live total row count (15,959), not a fixed page size, so selecting it attempts to render the entire table client-side with no virtualization, causing severe, escalating main-thread blocking.",Web,V6.2,Staging,"1. Open Admin Panel > User > Manage User. 2. Open the Rows-per-page dropdown. 3. Select the maximum option (the live total row count, e.g. 15959). 4. Observe rendering progress and browser responsiveness over time.","Rows-per-page options should be capped at a bounded maximum (e.g. 100) with any full-table export handled via a dedicated server-side export/download flow, not client-side rendering that scales with total table size.","The page renders progressively but decelerates severely as more rows are added -- measured live: main-thread response time for a trivial JS eval grew from 4ms (700 rows, 10s) to 7,170ms (3,400 rows, 81s). Per direct user confirmation, continuing further reaches roughly 8,000 rendered rows before the browser tab stops responding entirely and crashes.",Major,High,"admin-panel,user,pagination,performance,browser-crash",Bug_Report_Screenshots/bug_68_pagination_options.png,"Reverified 2026-09-07 (live 3x pass): REPRODUCED 3/3 -- the same unvirtualized-list collapse pattern in all 3 fresh-context attempts (main-thread eval latency growing from roughly 10-120ms to multi-second, up to 10-second, stalls within 90s). No hard crash within the 90s headless safety cap (a real browser's actual crash point, per prior direct user confirmation, is later, around ~8,000 rendered rows), but every attempt reached severe, user-visible freezing well before that cap."
69,Manage Plan search box returns unrelated plans that do not match the query,Bug,Trackofy,Admin Panel - Plan,"Searching Manage Plan for a real, exact plan name narrows the result count but the filtered set includes at least one plan whose name has no relation to the query at all -- the filter is imprecise/broken, not inert.",Web,V6.2,Staging,"1. Open Admin Panel > Plan > Manage Plan. 2. Note a real plan name from row 1 of the unfiltered list (e.g. ""Platinum""). 3. Enter that exact name into the Search box and press Enter. 4. Compare the returned plan names against the search query.",Only plans whose name actually matches the search query should be returned.,"Searching ""Platinum"" narrowed 10 rows to 5, but the 5 returned were [""Platinum"", ""Gold"", ""Platinum_bms"", ""Platinum 4"", ""Platinum (4)""] -- ""Gold"" does not match ""Platinum"" by substring, prefix, or any visible relation, yet is included every time.",Medium,Medium,"admin-panel,plan,search,filter",,"Reverified 2026-09-07 (live 3x pass): REPRODUCED 3/3 -- identical filtered result set, including the same unrelated 'Gold' row, in all 3 independent fresh-session attempts."
